{
    "type": "crafting_shaped",
    "pattern": [
        "IWI",
        "IWI",
        " I "
    ],
    "key": {
        "I": {
            "item": "minecraft:iron_ingot"
        },
        "W": [
            {
                "item": "minecraft:oak_log"
            },
            {
                "item": "minecraft:stripped_oak_log"
            },
            {
                "item": "minecraft:spruce_log"
            },
            {
                "item": "minecraft:stripped_spruce_log"
            },
            {
                "item": "minecraft:birch_log"
            },
            {
                "item": "minecraft:stripped_birch_log"
            },
            {
                "item": "minecraft:jungle_log"
            },
            {
                "item": "minecraft:stripped_jungle_log"
            },
            {
                "item": "minecraft:acacia_log"
            },
            {
                "item": "minecraft:stripped_acacia_log"
            },
            {
                "item": "minecraft:dark_oak_log"
            },
            {
                "item": "minecraft:stripped_dark_oak_log"
            }
        ]
    },
    "result": {
      "item": "minecraft:hopper"
    }
  }