{
    "type": "crafting_shaped",
    "pattern": [
      "PPP",
      "PDP",
      "PPP"
    ],
    "key": {
        "D": {
            "item": "minecraft:purple_dye"
        },
        "P": [
            {
                "item": "minecraft:glass_pane"
            },
            {
                "item": "minecraft:orange_stained_glass_pane"
            },
            {
                "item": "minecraft:magenta_stained_glass_pane"
            },
            {
                "item": "minecraft:light_blue_stained_glass_pane"
            },
            {
                "item": "minecraft:yellow_stained_glass_pane"
            },
            {
                "item": "minecraft:lime_stained_glass_pane"
            },
            {
                "item": "minecraft:pink_stained_glass_pane"
            },
            {
                "item": "minecraft:gray_stained_glass_pane"
            },
            {
                "item": "minecraft:light_gray_stained_glass_pane"
            },
            {
                "item": "minecraft:cyan_stained_glass_pane"
            },
            {
                "item": "minecraft:purple_stained_glass_pane"
            },
            {
                "item": "minecraft:blue_stained_glass_pane"
            },
            {
                "item": "minecraft:brown_stained_glass_pane"
            },
            {
                "item": "minecraft:green_stained_glass_pane"
            },
            {
                "item": "minecraft:red_stained_glass_pane"
            },
            {
                "item": "minecraft:black_stained_glass_pane"
            }
        ]
    },
    "result": {
      "item": "minecraft:purple_stained_glass_pane",
      "count": 8
    }
  }